link87235 hs8 6769628 6771008 color=vlgrey,thickness=3.37033,z=-1
link87235 hs19 2427129 2427129 color=vlgrey,thickness=3.37033,z=-1
link87236 hs17 6295307 6400601 color=vlgrey,thickness=3.06241,z=-1
link87236 hs19 2427129 2427129 color=vlgrey,thickness=3.06241,z=-1
link87237 hs19 51214251 51218396 color=dblue,thickness=2.94472,z=0.339590860930750632
link87237 hs19 2427129 2427129 color=dblue,thickness=2.94472,z=0.339590860930750632
link87238 hs13 49554414 49577434 color=vlgrey,thickness=2.86156,z=-1
link87238 hs19 2427129 2427129 color=vlgrey,thickness=2.86156,z=-1
link129827 hs20 43269051 43271828 color=vlgrey,thickness=3.05221,z=-1
link129827 hs19 42355545 42355545 color=vlgrey,thickness=3.05221,z=-1
link129828 hs19 59536503 59542233 color=dblue,thickness=2.96191,z=0.337619981700996992
link129828 hs19 42355545 42355545 color=dblue,thickness=2.96191,z=0.337619981700996992
link190878 hs19 44524947 44567377 color=dblue,thickness=2.96545,z=0.337216948523832808
link190878 hs19 50110257 50110257 color=dblue,thickness=2.96545,z=0.337216948523832808
link192272 hs1 3642408 3653797 color=vlgrey,thickness=2.80273,z=-1
link192272 hs19 50271381 50271381 color=vlgrey,thickness=2.80273,z=-1
link205652 hs19 54624467 54636620 color=dblue,thickness=3.0193,z=0.331202596628357566
link205652 hs19 51911731 51911731 color=dblue,thickness=3.0193,z=0.331202596628357566
link205653 hs16 24174376 24281238 color=vlgrey,thickness=3.00388,z=-1
link205653 hs19 51911731 51911731 color=vlgrey,thickness=3.00388,z=-1
link205655 hs8 22133160 22145796 color=vlgrey,thickness=2.80528,z=-1
link205655 hs19 51911731 51911731 color=vlgrey,thickness=2.80528,z=-1
link205656 hs5 149579247 149649596 color=vlgrey,thickness=2.80174,z=-1
link205656 hs19 51911731 51911731 color=vlgrey,thickness=2.80174,z=-1
link232521 hs16 3391190 3399363 color=vlgrey,thickness=3.43768,z=-1
link232521 hs19 54682803 54682803 color=vlgrey,thickness=3.43768,z=-1
link232522 hs19 53656317 53661179 color=dblue,thickness=3.43321,z=0.291272599112783663
link232522 hs19 54682803 54682803 color=dblue,thickness=3.43321,z=0.291272599112783663
link292334 hs8 22493928 22507755 color=vlgrey,thickness=3.01006,z=-1
link292334 hs19 62394509 62394509 color=vlgrey,thickness=3.01006,z=-1
link299163 hs15 50271808 50375287 color=vlgrey,thickness=2.88526,z=-1
link299163 hs19 62930740 62930740 color=vlgrey,thickness=2.88526,z=-1
link299164 hs12 100615547 100646977 color=vlgrey,thickness=2.80168,z=-1
link299164 hs19 62930740 62930740 color=vlgrey,thickness=2.80168,z=-1
link309507 hs16 57111355 57221251 color=vlgrey,thickness=3.15577,z=-1
link309507 hs19 63679094 63679094 color=vlgrey,thickness=3.15577,z=-1
link322355 hs20 61809834 61837938 color=vlgrey,thickness=2.99215,z=-1
link322355 hs1 160798143 160798143 color=vlgrey,thickness=2.99215,z=-1
link333888 hs5 42459782 42757683 color=vlgrey,thickness=2.93584,z=-1
link333888 hs19 9646779 9646779 color=vlgrey,thickness=2.93584,z=-1
link412820 hsX 153365249 153368126 color=vlgrey,thickness=3.04108,z=-1
link412820 hs2 163404128 163404128 color=vlgrey,thickness=3.04108,z=-1
link527477 hs2 230989114 231118561 color=dblue,thickness=3.11665,z=0.320857330787865176
link527477 hs2 230988942 230988942 color=dblue,thickness=3.11665,z=0.320857330787865176
link546405 hs3 140727937 140741361 color=vlgrey,thickness=2.90836,z=-1
link546405 hs2 238266206 238266206 color=vlgrey,thickness=2.90836,z=-1
link737168 hs1 201197624 201203027 color=vlgrey,thickness=2.91886,z=-1
link737168 hs20 24397865 24397865 color=vlgrey,thickness=2.91886,z=-1
link784210 hs20 35583020 35585504 color=dblue,thickness=3.20257,z=0.312249224841299331
link784210 hs20 35583164 35583164 color=dblue,thickness=3.20257,z=0.312249224841299331
link788475 hs1 20850846 20860624 color=vlgrey,thickness=3.20911,z=-1
link788475 hs20 36810838 36810838 color=vlgrey,thickness=3.20911,z=-1
link788476 hs1 8843649 8861367 color=vlgrey,thickness=3.20764,z=-1
link788476 hs20 36810838 36810838 color=vlgrey,thickness=3.20764,z=-1
link788477 hs1 204831597 204852527 color=vlgrey,thickness=2.85469,z=-1
link788477 hs20 36810838 36810838 color=vlgrey,thickness=2.85469,z=-1
link788480 hs5 848719 904101 color=vlgrey,thickness=2.85046,z=-1
link788480 hs20 36810838 36810838 color=vlgrey,thickness=2.85046,z=-1
link809371 hs6 46869052 46915478 color=vlgrey,thickness=3.39571,z=-1
link809371 hs20 43874471 43874471 color=vlgrey,thickness=3.39571,z=-1
link809373 hs10 98971919 99042403 color=vlgrey,thickness=2.90926,z=-1
link809373 hs20 43874471 43874471 color=vlgrey,thickness=2.90926,z=-1
link809374 hs18 45342424 45373276 color=vlgrey,thickness=2.89642,z=-1
link809374 hs20 43874471 43874471 color=vlgrey,thickness=2.89642,z=-1
link847097 hs12 64869244 64934659 color=vlgrey,thickness=2.82388,z=-1
link847097 hs20 57051541 57051541 color=vlgrey,thickness=2.82388,z=-1
link939126 hs20 44771685 44798392 color=vlgrey,thickness=2.83585,z=-1
link939126 hs22 16973609 16973609 color=vlgrey,thickness=2.83585,z=-1
link980957 hs3 135996788 136461995 color=vlgrey,thickness=2.9734,z=-1
link980957 hs1 19619151 19619151 color=vlgrey,thickness=2.9734,z=-1
link1009461 hs22 36698264 36710485 color=dblue,thickness=3.20899,z=0.311624529836490609
link1009461 hs22 36710385 36710385 color=dblue,thickness=3.20899,z=0.311624529836490609
link1009735 hs11 56931002 56951629 color=vlgrey,thickness=2.94334,z=-1
link1009735 hs22 36783033 36783033 color=vlgrey,thickness=2.94334,z=-1
link1107715 hs1 150012579 150029634 color=vlgrey,thickness=2.84425,z=-1
link1107715 hs3 127726091 127726091 color=vlgrey,thickness=2.84425,z=-1
link1107717 hs10 81828405 81842287 color=vlgrey,thickness=2.83696,z=-1
link1107717 hs3 127726091 127726091 color=vlgrey,thickness=2.83696,z=-1
link1133712 hs21 31965183 32026302 color=vlgrey,thickness=2.95528,z=-1
link1133712 hs3 137167732 137167732 color=vlgrey,thickness=2.95528,z=-1
link1133714 hs21 44544352 44571688 color=vlgrey,thickness=2.90908,z=-1
link1133714 hs3 137167732 137167732 color=vlgrey,thickness=2.90908,z=-1
link1144012 hs3 140727937 140741361 color=dblue,thickness=3.17653,z=0.314808926721926127
link1144012 hs3 140741121 140741121 color=dblue,thickness=3.17653,z=0.314808926721926127
link1152061 hs7 98761431 98801825 color=vlgrey,thickness=2.9557,z=-1
link1152061 hs3 143779985 143779985 color=vlgrey,thickness=2.9557,z=-1
link1153734 hs9 133368109 133389014 color=vlgrey,thickness=3.03685,z=-1
link1153734 hs3 144090671 144090671 color=vlgrey,thickness=3.03685,z=-1
link1172430 hs3 51984081 51990255 color=dblue,thickness=2.85232,z=0.350591798956638806
link1172430 hs3 154035779 154035779 color=dblue,thickness=2.85232,z=0.350591798956638806
link1238238 hs5 132224776 132228376 color=vlgrey,thickness=3.1342,z=-1
link1238238 hs3 198180335 198180335 color=vlgrey,thickness=3.1342,z=-1
link1266758 hs7 54787433 54794433 color=dorange,thickness=3.00931,z=0.332302089183234695
link1266758 hs7 54640214 54670213 color=dorange,thickness=3.00931,z=0.332302089183234695
link1292676 hs7 54787433 54794433 color=dorange,thickness=3.19072,z=0.313408885768729315
link1292676 hs7 54670214 54705213 color=dorange,thickness=3.19072,z=0.313408885768729315
link1292732 hs3 45405078 45565332 color=vlgrey,thickness=2.8483,z=-1
link1292732 hs1 203064552 203064552 color=vlgrey,thickness=2.8483,z=-1
link1292733 hs19 3495196 3508571 color=vlgrey,thickness=2.84734,z=-1
link1292733 hs1 203064552 203064552 color=vlgrey,thickness=2.84734,z=-1
link1292734 hs4 1783003 1827772 color=vlgrey,thickness=2.84371,z=-1
link1292734 hs1 203064552 203064552 color=vlgrey,thickness=2.84371,z=-1
link1302525 hs3 48310592 48317852 color=dblue,thickness=2.93593,z=0.340607575793700803
link1302525 hs3 48317768 48317768 color=dblue,thickness=2.93593,z=0.340607575793700803
link1322045 hs7 54787433 54794433 color=dorange,thickness=3.81028,z=0.262447904091037929
link1322045 hs7 54705214 54750213 color=dorange,thickness=3.81028,z=0.262447904091037929
link1348424 hs7 54787433 54794433 color=dorange,thickness=4.6582,z=0.214675196427804731
link1348424 hs7 54750214 54765213 color=dorange,thickness=4.6582,z=0.214675196427804731
link1348432 hs7 55054218 55242525 color=dorange,thickness=2.96191,z=0.337619981700996992
link1348432 hs7 54750214 54765213 color=dorange,thickness=2.96191,z=0.337619981700996992
link1374041 hs7 54787433 54794433 color=dorange,thickness=4.2865,z=0.233290563396710603
link1374041 hs7 54765214 54820213 color=dorange,thickness=4.2865,z=0.233290563396710603
link1374049 hs7 55054218 55242525 color=dorange,thickness=2.83849,z=0.352299990487900257
link1374049 hs7 54765214 54820213 color=dorange,thickness=2.83849,z=0.352299990487900257
link1402683 hs7 55054218 55242525 color=dorange,thickness=3.52537,z=0.283658169213444263
link1402683 hs7 54820214 54835213 color=dorange,thickness=3.52537,z=0.283658169213444263
link1402684 hs7 54787433 54794433 color=dorange,thickness=3.50755,z=0.285099285826289005
link1402684 hs7 54820214 54835213 color=dorange,thickness=3.50755,z=0.285099285826289005
link1423692 hs19 51498715 51538530 color=vlgrey,thickness=2.85775,z=-1
link1423692 hs1 205293187 205293187 color=vlgrey,thickness=2.85775,z=-1
link1429663 hs7 54787433 54794433 color=dorange,thickness=3.02431,z=0.3306539342858371
link1429663 hs7 54835214 54890213 color=dorange,thickness=3.02431,z=0.3306539342858371
link1459258 hs7 55054218 55242525 color=dorange,thickness=3.66181,z=0.273088991509663254
link1459258 hs7 54890214 54935213 color=dorange,thickness=3.66181,z=0.273088991509663254
link1459261 hs7 54787433 54794433 color=dorange,thickness=3.163,z=0.316155548529876699
link1459261 hs7 54890214 54935213 color=dorange,thickness=3.163,z=0.316155548529876699
link1484899 hs7 55054218 55242525 color=dorange,thickness=3.93574,z=0.254081824510765447
link1484899 hs7 54935214 55190213 color=dorange,thickness=3.93574,z=0.254081824510765447
link1490798 hs9 126948672 126992039 color=vlgrey,thickness=2.85022,z=-1
link1490798 hs1 208024362 208024362 color=vlgrey,thickness=2.85022,z=-1
link1512196 hs7 55054218 55242525 color=dorange,thickness=3.96904,z=0.251950093725434866
link1512196 hs7 55190214 55250213 color=dorange,thickness=3.96904,z=0.251950093725434866
link1512202 hs7 54787433 54794433 color=dorange,thickness=3.09775,z=0.322814946332015172
link1512202 hs7 55190214 55250213 color=dorange,thickness=3.09775,z=0.322814946332015172
link1540326 hs7 55054218 55242525 color=dorange,thickness=4.3567,z=0.229531526155117405
link1540326 hs7 55250214 55260213 color=dorange,thickness=4.3567,z=0.229531526155117405
link1566269 hs7 55054218 55242525 color=dorange,thickness=3.42712,z=0.291790191180933262
link1566269 hs7 55260214 55315213 color=dorange,thickness=3.42712,z=0.291790191180933262
link1566271 hs7 55400634 55468929 color=dorange,thickness=3.13624,z=0.318853148993699462
link1566271 hs7 55260214 55315213 color=dorange,thickness=3.13624,z=0.318853148993699462
link1594015 hs7 55400634 55468929 color=dorange,thickness=3.34693,z=0.298781271194796425
link1594015 hs7 55315214 55350213 color=dorange,thickness=3.34693,z=0.298781271194796425
link1603973 hs11 56931002 56951629 color=vlgrey,thickness=3.04657,z=-1
link1603973 hs4 996016 996016 color=vlgrey,thickness=3.04657,z=-1
link1623039 hs7 55400634 55468929 color=dorange,thickness=4.4629,z=0.224069551188688969
link1623039 hs7 55350214 55440213 color=dorange,thickness=4.4629,z=0.224069551188688969
link1629753 hs22 26474264 26527486 color=vlgrey,thickness=3.50707,z=-1
link1629753 hs1 21489228 21489228 color=vlgrey,thickness=3.50707,z=-1
link1629758 hs1 159390157 159395270 color=dblue,thickness=2.83153,z=0.353165956214484749
link1629758 hs1 21489228 21489228 color=dblue,thickness=2.83153,z=0.353165956214484749
link1629760 hs19 34390006 34395976 color=vlgrey,thickness=2.81956,z=-1
link1629760 hs1 21489228 21489228 color=vlgrey,thickness=2.81956,z=-1
link1635994 hsX 37583033 37591833 color=vlgrey,thickness=2.82775,z=-1
link1635994 hs5 126654456 126654456 color=vlgrey,thickness=2.82775,z=-1
link1642445 hs5 131621249 131637044 color=dblue,thickness=2.93323,z=0.340921100629681273
link1642445 hs5 131621711 131621711 color=dblue,thickness=2.93323,z=0.340921100629681273
link1645627 hs3 140727937 140741361 color=vlgrey,thickness=3.38833,z=-1
link1645627 hs5 132177303 132177303 color=vlgrey,thickness=3.38833,z=-1
link1653092 hs1 24944346 25043403 color=vlgrey,thickness=2.80456,z=-1
link1653092 hs5 133730487 133730487 color=vlgrey,thickness=2.80456,z=-1
link1653437 hs7 55400634 55468929 color=dorange,thickness=3.97999,z=0.251256912705810819
link1653437 hs7 55440214 55510213 color=dorange,thickness=3.97999,z=0.251256912705810819
link1654365 hs1 26358097 26361706 color=vlgrey,thickness=2.95339,z=-1
link1654365 hs5 133996525 133996525 color=vlgrey,thickness=2.95339,z=-1
link1683466 hs7 55400634 55468929 color=dorange,thickness=3.8236,z=0.261533633225232765
link1683466 hs7 55510214 55630213 color=dorange,thickness=3.8236,z=0.261533633225232765
link1943747 hs14 23748626 23753025 color=vlgrey,thickness=3.01525,z=-1
link1943747 hs6 160131780 160131780 color=vlgrey,thickness=3.01525,z=-1
link1954843 hs17 358657 564846 color=vlgrey,thickness=2.93299,z=-1
link1954843 hs6 167970692 167970692 color=vlgrey,thickness=2.93299,z=-1
link2127483 hs14 95817347 95899431 color=vlgrey,thickness=3.39685,z=-1
link2127483 hs6 7052951 7052951 color=vlgrey,thickness=3.39685,z=-1
link2129647 hs22 41522475 41583352 color=vlgrey,thickness=3.11524,z=-1
link2129647 hs6 71333361 71333361 color=vlgrey,thickness=3.11524,z=-1
link2129651 hsY 7202012 7309586 color=vlgrey,thickness=2.89528,z=-1
link2129651 hs6 71333361 71333361 color=vlgrey,thickness=2.89528,z=-1
link2303933 hs1 229731021 229768892 color=vlgrey,thickness=2.98297,z=-1
link2303933 hs7 37455100 37455100 color=vlgrey,thickness=2.98297,z=-1
link2319448 hs12 55933814 55990513 color=vlgrey,thickness=2.84584,z=-1
link2319448 hs7 44331466 44331466 color=vlgrey,thickness=2.84584,z=-1
link2332263 hs6 44333880 44341503 color=vlgrey,thickness=2.93668,z=-1
link2332263 hs7 525526 525526 color=vlgrey,thickness=2.93668,z=-1
link2340813 hs11 65390487 65396916 color=vlgrey,thickness=2.91691,z=-1
link2340813 hs7 65217723 65217723 color=vlgrey,thickness=2.91691,z=-1
link2459043 hs9 20334967 20612514 color=dorange,thickness=3.80137,z=0.263063053583313384
link2459043 hs9 19508132 21063131 color=dorange,thickness=3.80137,z=0.263063053583313384
link2514785 hs9 21321017 21325429 color=dorange,thickness=3.06028,z=0.326767485328139909
link2514785 hs9 21123132 21228131 color=dorange,thickness=3.06028,z=0.326767485328139909
link2544239 hs9 21321017 21325429 color=dorange,thickness=3.76831,z=0.265370948780753176
link2544239 hs9 21228132 21698131 color=dorange,thickness=3.76831,z=0.265370948780753176
link2569012 hs9 21321017 21325429 color=dorange,thickness=3.19363,z=0.313123311091140802
link2569012 hs9 21698132 21733131 color=dorange,thickness=3.19363,z=0.313123311091140802
link2579476 hs8 82355339 82359563 color=dblue,thickness=3.96778,z=0.252030102475439667
link2579476 hs8 82355364 82355364 color=dblue,thickness=3.96778,z=0.252030102475439667
link2582243 hs8 124401271 124477886 color=dblue,thickness=3.52084,z=0.284023130843775917
link2582243 hs8 86277476 86277476 color=dblue,thickness=3.52084,z=0.284023130843775917
link2597501 hs9 21957751 21984490 color=dorange,thickness=3.23935,z=0.30870390664793863
link2597501 hs9 21733132 21753131 color=dorange,thickness=3.23935,z=0.30870390664793863
link2625103 hs9 21792634 21855969 color=dorange,thickness=2.91115,z=0.343506861549559452
link2625103 hs9 21753132 21768131 color=dorange,thickness=2.91115,z=0.343506861549559452
link2625105 hs9 21957751 21984490 color=dorange,thickness=2.81836,z=0.354816276132218737
link2625105 hs9 21753132 21768131 color=dorange,thickness=2.81836,z=0.354816276132218737
link2632496 hs18 9903954 9950018 color=vlgrey,thickness=2.80462,z=-1
link2632496 hs9 117956314 117956314 color=vlgrey,thickness=2.80462,z=-1
link2680884 hsX 2756862 2810861 color=vlgrey,thickness=3.07738,z=-1
link2680884 hs9 133142352 133142352 color=vlgrey,thickness=3.07738,z=-1
link2682274 hs9 21957751 21984490 color=dorange,thickness=2.90185,z=0.344607750228302635
link2682274 hs9 21793132 21818131 color=dorange,thickness=2.90185,z=0.344607750228302635
link2682275 hs9 21792634 21855969 color=dorange,thickness=2.8816,z=0.347029428095502499
link2682275 hs9 21793132 21818131 color=dorange,thickness=2.8816,z=0.347029428095502499
link2709010 hs9 21957751 21984490 color=dorange,thickness=3.25051,z=0.307644031244327813
link2709010 hs9 21818132 21843131 color=dorange,thickness=3.25051,z=0.307644031244327813
link2709012 hs9 21792634 21855969 color=dorange,thickness=3.01597,z=0.331568284830419401
link2709012 hs9 21818132 21843131 color=dorange,thickness=3.01597,z=0.331568284830419401
link2718013 hs19 51214251 51218396 color=vlgrey,thickness=3.21442,z=-1
link2718013 hs1 32443544 32443544 color=vlgrey,thickness=3.21442,z=-1
link2718015 hs12 107480423 107487289 color=vlgrey,thickness=3.01306,z=-1
link2718015 hs1 32443544 32443544 color=vlgrey,thickness=3.01306,z=-1
link2718016 hs6_qbl_hap2 269333 270296 color=vlgrey,thickness=2.926,z=-1
link2718016 hs1 32443544 32443544 color=vlgrey,thickness=2.926,z=-1
link2718017 hs17 11864859 11987776 color=vlgrey,thickness=2.90473,z=-1
link2718017 hs1 32443544 32443544 color=vlgrey,thickness=2.90473,z=-1
link2718019 hs13 50381892 50442595 color=vlgrey,thickness=2.82679,z=-1
link2718019 hs1 32443544 32443544 color=vlgrey,thickness=2.82679,z=-1
link2719993 hs3 48638159 48647930 color=vlgrey,thickness=3.35035,z=-1
link2719993 hs1 32444000 32444000 color=vlgrey,thickness=3.35035,z=-1
link2719995 hs19 15699833 15700862 color=vlgrey,thickness=3.24043,z=-1
link2719995 hs1 32444000 32444000 color=vlgrey,thickness=3.24043,z=-1
link2719996 hs13 49171444 49265058 color=vlgrey,thickness=3.13642,z=-1
link2719996 hs1 32444000 32444000 color=vlgrey,thickness=3.13642,z=-1
link2727637 hs9 21957751 21984490 color=dblue,thickness=4.4035,z=0.227092085840808448
link2727637 hs9 21958372 21958372 color=dblue,thickness=4.4035,z=0.227092085840808448
link2727740 hs9 21957751 21984490 color=dblue,thickness=4.1485,z=0.241050982282752802
link2727740 hs9 21958681 21958681 color=dblue,thickness=4.1485,z=0.241050982282752802
link2728803 hs9 21957751 21984490 color=dblue,thickness=3.14704,z=0.317758909959835274
link2728803 hs9 21995563 21995563 color=dblue,thickness=3.14704,z=0.317758909959835274
link2729016 hs9 21957751 21984490 color=dblue,thickness=3.10213,z=0.322359153226976303
link2729016 hs9 21995995 21995995 color=dblue,thickness=3.10213,z=0.322359153226976303
link2762278 hs9 21957751 21984490 color=dorange,thickness=3.24418,z=0.308244302104075606
link2762278 hs9 21888132 21898131 color=dorange,thickness=3.24418,z=0.308244302104075606
link2766030 hs7 27099138 27102150 color=vlgrey,thickness=3.0442,z=-1
link2766030 hs9 4480757 4480757 color=vlgrey,thickness=3.0442,z=-1
link2766032 hs18 27456206 27518684 color=vlgrey,thickness=3.03085,z=-1
link2766032 hs9 4480757 4480757 color=vlgrey,thickness=3.03085,z=-1
link2766033 hs20 61741504 61755224 color=vlgrey,thickness=3.02539,z=-1
link2766033 hs9 4480757 4480757 color=vlgrey,thickness=3.02539,z=-1
link2792092 hs9 21957751 21984490 color=dorange,thickness=2.92216,z=0.342212609850247762
link2792092 hs9 21898132 21933131 color=dorange,thickness=2.92216,z=0.342212609850247762
link2886087 hs9 21957751 21984490 color=dorange,thickness=3.03865,z=0.329093511921412469
link2886087 hs9 22008132 22078131 color=dorange,thickness=3.03865,z=0.329093511921412469
link2900151 hsY 2769622 2794997 color=vlgrey,thickness=2.8621,z=-1
link2900151 hsX 148521080 148521080 color=vlgrey,thickness=2.8621,z=-1
link2979919 hsY 13526092 13541784 color=vlgrey,thickness=3.16369,z=-1
link2979919 hsX 48219666 48219666 color=vlgrey,thickness=3.16369,z=-1
link2990200 hsY 2769622 2794997 color=vlgrey,thickness=3.19585,z=-1
link2990200 hsX 48915243 48915243 color=vlgrey,thickness=3.19585,z=-1
link2991113 hsY 2769622 2794997 color=vlgrey,thickness=2.94463,z=-1
link2991113 hsX 48943549 48943549 color=vlgrey,thickness=2.94463,z=-1
link3001398 hsY 2769622 2794997 color=vlgrey,thickness=2.84065,z=-1
link3001398 hsX 54483777 54483777 color=vlgrey,thickness=2.84065,z=-1
link3057410 hsY 21146998 21164428 color=dblue,thickness=3.6928,z=0.270797227036395147
link3057410 hsY 19614073 19614073 color=dblue,thickness=3.6928,z=0.270797227036395147
link3057413 hsY 15143881 15465242 color=dblue,thickness=3.38551,z=0.295376472082492741
link3057413 hsY 19614073 19614073 color=dblue,thickness=3.38551,z=0.295376472082492741
link3057429 hsY 13526092 13541784 color=dblue,thickness=2.98744,z=0.334734756179203599
link3057429 hsY 19614073 19614073 color=dblue,thickness=2.98744,z=0.334734756179203599
link3057445 hsY 2769622 2794997 color=dblue,thickness=2.82547,z=0.353923418050802167
link3057445 hsY 19614073 19614073 color=dblue,thickness=2.82547,z=0.353923418050802167
link3095861 hs17 8068863 8092138 color=vlgrey,thickness=3.1972,z=-1
link3095861 hs1 40193589 40193589 color=vlgrey,thickness=3.1972,z=-1
link3137817 hs8 144757225 144762927 color=vlgrey,thickness=3.08425,z=-1
link3137817 hs1 42619064 42619064 color=vlgrey,thickness=3.08425,z=-1
link3137820 hs11 75203859 75532930 color=vlgrey,thickness=2.86111,z=-1
link3137820 hs1 42619064 42619064 color=vlgrey,thickness=2.86111,z=-1
link3186537 hs9 26937309 27052931 color=dorange,thickness=2.91829,z=0.342666424515726676
link3186537 hs9 26033132 26643131 color=dorange,thickness=2.91829,z=0.342666424515726676
link3253755 hs10 104580277 104587280 color=vlgrey,thickness=3.04564,z=-1
link3253755 hs1 46578944 46578944 color=vlgrey,thickness=3.04564,z=-1
link3884668 hs16 11549082 11588823 color=vlgrey,thickness=2.83921,z=-1
link3884668 hs10 103568306 103568306 color=vlgrey,thickness=2.83921,z=-1
link3928712 hs15 40575126 40612548 color=vlgrey,thickness=3.59755,z=-1
link3928712 hs10 104603918 104603918 color=vlgrey,thickness=3.59755,z=-1
link3928714 hs3 38862263 38967056 color=vlgrey,thickness=2.83306,z=-1
link3928714 hs10 104603918 104603918 color=vlgrey,thickness=2.83306,z=-1
link4148996 hs12 56428269 56432431 color=dorange,thickness=3.16792,z=0.315664536983257153
link4148996 hs12 56343855 56363854 color=dorange,thickness=3.16792,z=0.315664536983257153
link4148997 hs12 56374004 56401605 color=dorange,thickness=3.1006,z=0.322518222279558795
link4148997 hs12 56343855 56363854 color=dorange,thickness=3.1006,z=0.322518222279558795
link4148998 hs12 56271208 56283477 color=dorange,thickness=2.89702,z=0.345182290767754451
link4148998 hs12 56343855 56363854 color=dorange,thickness=2.89702,z=0.345182290767754451
link4165172 hs12 56374004 56401605 color=dorange,thickness=4.1728,z=0.239647239263803681
link4165172 hs12 56363855 56383854 color=dorange,thickness=4.1728,z=0.239647239263803681
link4165173 hs12 56425050 56428293 color=dorange,thickness=3.88906,z=0.257131543354949525
link4165173 hs12 56363855 56383854 color=dorange,thickness=3.88906,z=0.257131543354949525
link4165175 hs12 56462794 56477637 color=dorange,thickness=3.40612,z=0.293589186523081982
link4165175 hs12 56363855 56383854 color=dorange,thickness=3.40612,z=0.293589186523081982
link4165178 hs12 56499976 56527014 color=dorange,thickness=3.10189,z=0.322384094858296071
link4165178 hs12 56363855 56383854 color=dorange,thickness=3.10189,z=0.322384094858296071
link4165179 hs12 56452649 56462591 color=dorange,thickness=3.04615,z=0.328283242781872199
link4165179 hs12 56363855 56383854 color=dorange,thickness=3.04615,z=0.328283242781872199
link4165180 hs12 56428269 56432431 color=dorange,thickness=2.99788,z=0.333569055465862543
link4165180 hs12 56363855 56383854 color=dorange,thickness=2.99788,z=0.333569055465862543
link4165181 hs12 56448617 56452181 color=dorange,thickness=2.8522,z=0.350606549330341491
link4165181 hs12 56363855 56383854 color=dorange,thickness=2.8522,z=0.350606549330341491
link4180178 hs12 56428269 56432431 color=dorange,thickness=5.0653,z=0.197421672951256589
link4180178 hs12 56383855 56393854 color=dorange,thickness=5.0653,z=0.197421672951256589
link4180182 hs12 56462794 56477637 color=dorange,thickness=4.0423,z=0.247383915097840338
link4180182 hs12 56383855 56393854 color=dorange,thickness=4.0423,z=0.247383915097840338
link4180183 hs12 56452649 56462591 color=dorange,thickness=3.75493,z=0.266316549176682388
link4180183 hs12 56383855 56393854 color=dorange,thickness=3.75493,z=0.266316549176682388
link4180184 hs12 56448617 56452181 color=dorange,thickness=3.74983,z=0.26667875610361003
link4180184 hs12 56383855 56393854 color=dorange,thickness=3.74983,z=0.26667875610361003
link4180185 hs12 56425050 56428293 color=dorange,thickness=3.67261,z=0.272285922000974784
link4180185 hs12 56383855 56393854 color=dorange,thickness=3.67261,z=0.272285922000974784
link4180187 hs12 56374004 56401605 color=dorange,thickness=3.38014,z=0.295845734200358565
link4180187 hs12 56383855 56393854 color=dorange,thickness=3.38014,z=0.295845734200358565
link4180188 hs12 56499976 56527014 color=dorange,thickness=3.21901,z=0.310654518003982591
link4180188 hs12 56383855 56393854 color=dorange,thickness=3.21901,z=0.310654518003982591
link4180189 hs12 56442383 56447243 color=dorange,thickness=3.18517,z=0.313954985134231454
link4180189 hs12 56383855 56393854 color=dorange,thickness=3.18517,z=0.313954985134231454
link4184433 hs10 131155443 131455773 color=dblue,thickness=3.0577,z=0.32704320240703797
link4184433 hs10 131155565 131155565 color=dblue,thickness=3.0577,z=0.32704320240703797
link4195273 hs12 56499976 56527014 color=dorange,thickness=4.8259,z=0.207215234464037796
link4195273 hs12 56393855 56443854 color=dorange,thickness=4.8259,z=0.207215234464037796
link4195274 hs12 56428269 56432431 color=dorange,thickness=4.8139,z=0.207731776729886371
link4195274 hs12 56393855 56443854 color=dorange,thickness=4.8139,z=0.207731776729886371
link4195275 hs12 56425050 56428293 color=dorange,thickness=4.7776,z=0.209310113864701942
link4195275 hs12 56393855 56443854 color=dorange,thickness=4.7776,z=0.209310113864701942
link4195276 hs12 56448617 56452181 color=dorange,thickness=4.2175,z=0.237107291049199763
link4195276 hs12 56393855 56443854 color=dorange,thickness=4.2175,z=0.237107291049199763
link4195277 hs12 56374004 56401605 color=dorange,thickness=3.96934,z=0.251931051509822792
link4195277 hs12 56393855 56443854 color=dorange,thickness=3.96934,z=0.251931051509822792
link4195279 hs12 56462794 56477637 color=dorange,thickness=3.69487,z=0.270645516621694403
link4195279 hs12 56393855 56443854 color=dorange,thickness=3.69487,z=0.270645516621694403
link4195280 hs12 56452649 56462591 color=dorange,thickness=3.66112,z=0.273140459750021851
link4195280 hs12 56393855 56443854 color=dorange,thickness=3.66112,z=0.273140459750021851
link4195283 hs12 56442383 56447243 color=dorange,thickness=3.45448,z=0.289479169078993076
link4195283 hs12 56393855 56443854 color=dorange,thickness=3.45448,z=0.289479169078993076
link4208000 hs12 56462794 56477637 color=dorange,thickness=5.3779,z=0.185946187173432009
link4208000 hs12 56443855 56588854 color=dorange,thickness=5.3779,z=0.185946187173432009
link4208001 hs12 56477427 56496119 color=dorange,thickness=4.4284,z=0.225815192846174691
link4208001 hs12 56443855 56588854 color=dorange,thickness=4.4284,z=0.225815192846174691
link4208003 hs12 56499976 56527014 color=dorange,thickness=4.3393,z=0.230451916207683267
link4208003 hs12 56443855 56588854 color=dorange,thickness=4.3393,z=0.230451916207683267
link4208005 hs12 56442383 56447243 color=dorange,thickness=4.078,z=0.24521824423737126
link4208005 hs12 56443855 56588854 color=dorange,thickness=4.078,z=0.24521824423737126
link4208006 hs12 56448617 56452181 color=dorange,thickness=3.89485,z=0.256749297148799055
link4208006 hs12 56443855 56588854 color=dorange,thickness=3.89485,z=0.256749297148799055
link4208007 hs12 56425050 56428293 color=dorange,thickness=3.86461,z=0.258758322314541441
link4208007 hs12 56443855 56588854 color=dorange,thickness=3.86461,z=0.258758322314541441
link4208008 hs12 56452649 56462591 color=dorange,thickness=3.83101,z=0.26102777074452951
link4208008 hs12 56443855 56588854 color=dorange,thickness=3.83101,z=0.26102777074452951
link4208009 hs12 56428269 56432431 color=dorange,thickness=3.78406,z=0.264266422836847196
link4208009 hs12 56443855 56588854 color=dorange,thickness=3.78406,z=0.264266422836847196
link4208011 hs12 56374004 56401605 color=dorange,thickness=3.15961,z=0.316494757264345916
link4208011 hs12 56443855 56588854 color=dorange,thickness=3.15961,z=0.316494757264345916
link4222229 hs12 56499976 56527014 color=dorange,thickness=3.30814,z=0.302284667517094198
link4222229 hs12 56588855 56768854 color=dorange,thickness=3.30814,z=0.302284667517094198
link4222231 hs12 56462794 56477637 color=dorange,thickness=3.07204,z=0.32551659483600474
link4222231 hs12 56588855 56768854 color=dorange,thickness=3.07204,z=0.32551659483600474
link4222234 hs12 56428269 56432431 color=dorange,thickness=2.97079,z=0.336610800494144655
link4222234 hs12 56588855 56768854 color=dorange,thickness=2.97079,z=0.336610800494144655
link4222236 hs12 56374004 56401605 color=dorange,thickness=2.86987,z=0.348447839100725817
link4222236 hs12 56588855 56768854 color=dorange,thickness=2.86987,z=0.348447839100725817
link4312974 hs15 64578706 64584238 color=dred,thickness=2.93293,z=0.340955972355289761
link4312974 hs12 64273855 64553854 color=dred,thickness=2.93293,z=0.340955972355289761
link4344681 hs16 86479125 86527613 color=dred,thickness=2.86858,z=0.348604536042222981
link4344681 hs12 67158855 67198854 color=dred,thickness=2.86858,z=0.348604536042222981
link4393647 hs12 67426202 67446120 color=dorange,thickness=2.91076,z=0.343552886531352636
link4393647 hs12 67358855 67393854 color=dorange,thickness=2.91076,z=0.343552886531352636
link4411959 hs12 67366997 67422740 color=dorange,thickness=4.636,z=0.215703192407247627
link4411959 hs12 67393855 67453854 color=dorange,thickness=4.636,z=0.215703192407247627
link4411962 hs12 67426202 67446120 color=dorange,thickness=3.3262,z=0.300643376826408514
link4411962 hs12 67393855 67453854 color=dorange,thickness=3.3262,z=0.300643376826408514
link4411965 hs12 67488237 67525478 color=dorange,thickness=2.91976,z=0.342493903608515768
link4411965 hs12 67393855 67453854 color=dorange,thickness=2.91976,z=0.342493903608515768
link4428561 hs12 67426202 67446120 color=dorange,thickness=3.70084,z=0.270208925541228478
link4428561 hs12 67453855 67468854 color=dorange,thickness=3.70084,z=0.270208925541228478
link4428562 hs12 67488237 67525478 color=dorange,thickness=3.50113,z=0.285622070588638525
link4428562 hs12 67453855 67468854 color=dorange,thickness=3.50113,z=0.285622070588638525
link4428564 hs12 67366997 67422740 color=dorange,thickness=3.2476,z=0.307919694543663013
link4428564 hs12 67453855 67468854 color=dorange,thickness=3.2476,z=0.307919694543663013
link4444267 hs12 67488237 67525478 color=dorange,thickness=4.5022,z=0.222113633334814091
link4444267 hs12 67468855 67553854 color=dorange,thickness=4.5022,z=0.222113633334814091
link4444271 hs12 67426202 67446120 color=dorange,thickness=3.35761,z=0.297830897572976016
link4444271 hs12 67468855 67553854 color=dorange,thickness=3.35761,z=0.297830897572976016
link4461783 hs12 67488237 67525478 color=dorange,thickness=4.1737,z=0.239595562690178978
link4461783 hs12 67553855 67583854 color=dorange,thickness=4.1737,z=0.239595562690178978
link4461788 hs12 67426202 67446120 color=dorange,thickness=2.95894,z=0.337958863647116873
link4461788 hs12 67553855 67583854 color=dorange,thickness=2.95894,z=0.337958863647116873
link4461790 hs12 67366997 67422740 color=dorange,thickness=2.8375,z=0.352422907488986784
link4461790 hs12 67553855 67583854 color=dorange,thickness=2.8375,z=0.352422907488986784
link4477810 hs12 67488237 67525478 color=dorange,thickness=3.65077,z=0.273914817969907718
link4477810 hs12 67583855 67588854 color=dorange,thickness=3.65077,z=0.273914817969907718
link4477811 hs12 67426202 67446120 color=dorange,thickness=3.56113,z=0.280809742974842255
link4477811 hs12 67583855 67588854 color=dorange,thickness=3.56113,z=0.280809742974842255
link4494390 hs12 67426202 67446120 color=dorange,thickness=3.53725,z=0.28270549155417344
link4494390 hs12 67588855 67633854 color=dorange,thickness=3.53725,z=0.28270549155417344
link4494394 hs12 67488237 67525478 color=dorange,thickness=3.26923,z=0.305882424913511744
link4494394 hs12 67588855 67633854 color=dorange,thickness=3.26923,z=0.305882424913511744
link4494396 hs12 68039798 68070843 color=dorange,thickness=2.86567,z=0.348958533257493012
link4494396 hs12 67588855 67633854 color=dorange,thickness=2.86567,z=0.348958533257493012
link4510899 hs12 68150395 68259829 color=dorange,thickness=2.92678,z=0.341672418152372232
link4510899 hs12 67633855 68088854 color=dorange,thickness=2.92678,z=0.341672418152372232
link4524366 hs11 616312 617173 color=vlgrey,thickness=3.06586,z=-1
link4524366 hs10 53129542 53129542 color=vlgrey,thickness=3.06586,z=-1
link4524367 hs1 153571675 153798948 color=vlgrey,thickness=2.86393,z=-1
link4524367 hs10 53129542 53129542 color=vlgrey,thickness=2.86393,z=-1
link4543061 hs12 68039798 68070843 color=dorange,thickness=2.9035,z=0.34441191665231617
link4543061 hs12 68108855 69188854 color=dorange,thickness=2.9035,z=0.34441191665231617
link4559463 hs12 68923043 69035040 color=dorange,thickness=3.00274,z=0.333029166694419097
link4559463 hs12 69188855 69253854 color=dorange,thickness=3.00274,z=0.333029166694419097
link4621421 hs14 21015174 21037159 color=dorange,thickness=2.97976,z=0.335597497785056515
link4621421 hs14 19494474 40699473 color=dorange,thickness=2.97976,z=0.335597497785056515
link4623804 hs14 49653595 49767849 color=dorange,thickness=2.84944,z=0.350946150822617778
link4623804 hs14 40699474 73069473 color=dorange,thickness=2.84944,z=0.350946150822617778
link4717059 hs22 23329123 23354972 color=vlgrey,thickness=3.1024,z=-1
link4717059 hs11 107843372 107843372 color=vlgrey,thickness=3.1024,z=-1
link4717060 hs6_qbl_hap2 2938737 2940428 color=vlgrey,thickness=3.09295,z=-1
link4717060 hs11 107843372 107843372 color=vlgrey,thickness=3.09295,z=-1
link4721550 hs5 149526536 149544314 color=vlgrey,thickness=2.81005,z=-1
link4721550 hs11 110675314 110675314 color=vlgrey,thickness=2.81005,z=-1
link4730061 hs11 112690460 112742324 color=dblue,thickness=3.53488,z=0.282895034626352238
link4730061 hs11 112690747 112690747 color=dblue,thickness=3.53488,z=0.282895034626352238
link4732561 hs11 113776593 113784845 color=dblue,thickness=3.54253,z=0.282284130268480436
link4732561 hs11 113776289 113776289 color=dblue,thickness=3.54253,z=0.282284130268480436
link4732562 hs11 113767379 113776349 color=dblue,thickness=3.24295,z=0.308361214326462018
link4732562 hs11 113776289 113776289 color=dblue,thickness=3.24295,z=0.308361214326462018
link4732829 hs11 113776593 113784845 color=dblue,thickness=3.59164,z=0.278424340969584925
link4732829 hs11 113776321 113776321 color=dblue,thickness=3.59164,z=0.278424340969584925
link4761251 hs11 65390487 65396916 color=dblue,thickness=3.1753,z=0.314930872673448178
link4761251 hs11 12089187 12089187 color=dblue,thickness=3.1753,z=0.314930872673448178
link4761942 hs11 65390487 65396916 color=dblue,thickness=2.98906,z=0.334553337838651616
link4761942 hs11 122259187 122259187 color=dblue,thickness=2.98906,z=0.334553337838651616
link4788578 hs1 202031373 202089879 color=dorange,thickness=4.0795,z=0.245128079421497733
link4788578 hs1 200659269 202529268 color=dorange,thickness=4.0795,z=0.245128079421497733
link4788579 hs1 202454603 202595667 color=dorange,thickness=3.34852,z=0.298639398898617897
link4788579 hs1 200659269 202529268 color=dorange,thickness=3.34852,z=0.298639398898617897
link4788580 hs1 201862550 201979832 color=dorange,thickness=3.34111,z=0.299301729066088815
link4788580 hs1 200659269 202529268 color=dorange,thickness=3.34111,z=0.299301729066088815
link4788581 hs1 202097362 202106903 color=dorange,thickness=3.32707,z=0.300564761186268999
link4788581 hs1 200659269 202529268 color=dorange,thickness=3.32707,z=0.300564761186268999
link4788582 hs1 202366812 202387930 color=dorange,thickness=3.26788,z=0.3060087885724078
link4788582 hs1 200659269 202529268 color=dorange,thickness=3.26788,z=0.3060087885724078
link4788583 hs1 202752133 202793870 color=dorange,thickness=2.93806,z=0.340360646140650633
link4788583 hs1 200659269 202529268 color=dorange,thickness=2.93806,z=0.340360646140650633
link4801394 hs19 1733075 1763199 color=dred,thickness=3.54694,z=0.281933159286596334
link4801394 hs18 73964317 74034316 color=dred,thickness=3.54694,z=0.281933159286596334
link4801396 hs17 36830334 36834348 color=dred,thickness=2.9713,z=0.336553023928920001
link4801396 hs18 73964317 74034316 color=dred,thickness=2.9713,z=0.336553023928920001
link4801397 hs6 2710664 2730978 color=dred,thickness=2.86948,z=0.348495197736175195
link4801397 hs18 73964317 74034316 color=dred,thickness=2.86948,z=0.348495197736175195
link4805632 hs13 19105787 19145598 color=dred,thickness=3.09547,z=0.323052718973209238
link4805632 hs18 74114317 74584316 color=dred,thickness=3.09547,z=0.323052718973209238
link4805634 hs17 53670785 53700877 color=dred,thickness=2.92198,z=0.342233690853462378
link4805634 hs18 74114317 74584316 color=dred,thickness=2.92198,z=0.342233690853462378
link4808664 hs1 203321894 203357773 color=dorange,thickness=2.96038,z=0.337794472331254771
link4808664 hs1 202529269 203749268 color=dorange,thickness=2.96038,z=0.337794472331254771
link4808665 hs1 202752133 202793870 color=dorange,thickness=2.81326,z=0.355459502498880303
link4808665 hs1 202529269 203749268 color=dorange,thickness=2.81326,z=0.355459502498880303
link4877986 hs22 22706138 22714284 color=dorange,thickness=3.8458,z=0.260023922200842478
link4877986 hs22 22674219 22684218 color=dorange,thickness=3.8458,z=0.260023922200842478
link4880232 hs22 22706138 22714284 color=dorange,thickness=3.56014,z=0.280887830253866421
link4880232 hs22 22684219 22699218 color=dorange,thickness=3.56014,z=0.280887830253866421
link4880632 hs16 46951954 46976730 color=vlgrey,thickness=2.96908,z=-1
link4880632 hs11 605519 605519 color=vlgrey,thickness=2.96908,z=-1
link4883489 hs22 22706138 22714284 color=dorange,thickness=5.071,z=0.197199763360283968
link4883489 hs22 22699219 22704218 color=dorange,thickness=5.071,z=0.197199763360283968
link4885932 hs22 22706138 22714284 color=dorange,thickness=3.9094,z=0.255793727937790965
link4885932 hs22 22704219 22724218 color=dorange,thickness=3.9094,z=0.255793727937790965
link4909544 hs11 6296751 6298316 color=dblue,thickness=3.28567,z=0.304351928221641248
link4909544 hs11 6298471 6298471 color=dblue,thickness=3.28567,z=0.304351928221641248
link4950295 hsY 13526092 13541784 color=dorange,thickness=3.26791,z=0.306005979356836633
link4950295 hsY 3225451 6650450 color=dorange,thickness=3.26791,z=0.306005979356836633
link4950296 hsY 2769622 2794997 color=dorange,thickness=3.1582,z=0.316636058514343613
link4950296 hsY 3225451 6650450 color=dorange,thickness=3.1582,z=0.316636058514343613
link4950300 hsY 21146998 21164428 color=dorange,thickness=2.94304,z=0.339784712406219419
link4950300 hsY 3225451 6650450 color=dorange,thickness=2.94304,z=0.339784712406219419
link4955282 hsY 13526092 13541784 color=dorange,thickness=3.78898,z=0.263923272226298371
link4955282 hsY 6695451 10375450 color=dorange,thickness=3.78898,z=0.263923272226298371
link4955305 hsY 13918782 14101944 color=dorange,thickness=3.00712,z=0.332544095347043018
link4955305 hsY 6695451 10375450 color=dorange,thickness=3.00712,z=0.332544095347043018
link4955306 hsY 21146998 21164428 color=dorange,thickness=3.00298,z=0.333002550799539124
link4955306 hsY 6695451 10375450 color=dorange,thickness=3.00298,z=0.333002550799539124
link4958650 hsY 21146998 21164428 color=dorange,thickness=2.91397,z=0.343174432132108429
link4958650 hsY 10375451 10515450 color=dorange,thickness=2.91397,z=0.343174432132108429
link4961245 hsY 13526092 13541784 color=dorange,thickness=3.05455,z=0.32738046520764106
link4961245 hsY 10515451 12500450 color=dorange,thickness=3.05455,z=0.32738046520764106
link4964954 hsY 21146998 21164428 color=dorange,thickness=3.65842,z=0.273342043833130149
link4964954 hsY 12500451 24685450 color=dorange,thickness=3.65842,z=0.273342043833130149
link4964956 hsY 13526092 13541784 color=dorange,thickness=3.47824,z=0.287501725010350062
link4964956 hsY 12500451 24685450 color=dorange,thickness=3.47824,z=0.287501725010350062
link4974930 hs6 136919879 137155349 color=vlgrey,thickness=2.81797,z=-1
link4974930 hs11 68573027 68573027 color=vlgrey,thickness=2.81797,z=-1
link4989829 hs13 74756809 74954251 color=vlgrey,thickness=3.70807,z=-1
link4989829 hs11 7230074 7230074 color=vlgrey,thickness=3.70807,z=-1
link4989830 hs2 20510315 20512682 color=vlgrey,thickness=2.93878,z=-1
link4989830 hs11 7230074 7230074 color=vlgrey,thickness=2.93878,z=-1
link5076576 hs19 51078705 51081216 color=vlgrey,thickness=3.12592,z=-1
link5076576 hs12 10927484 10927484 color=vlgrey,thickness=3.12592,z=-1
link5100833 hs2 95432174 95442606 color=vlgrey,thickness=2.98627,z=-1
link5100833 hs12 118799545 118799545 color=vlgrey,thickness=2.98627,z=-1
link5100834 hs2 216611356 216654784 color=vlgrey,thickness=2.88343,z=-1
link5100834 hs12 118799545 118799545 color=vlgrey,thickness=2.88343,z=-1
link5140270 hs19 49943817 49955141 color=vlgrey,thickness=2.84602,z=-1
link5140270 hs12 13045174 13045174 color=vlgrey,thickness=2.84602,z=-1
link5147475 hs14 85066240 85164023 color=vlgrey,thickness=3.15271,z=-1
link5147475 hs12 131974492 131974492 color=vlgrey,thickness=3.15271,z=-1
link5147479 hs17 7512444 7531588 color=vlgrey,thickness=2.89777,z=-1
link5147479 hs12 131974492 131974492 color=vlgrey,thickness=2.89777,z=-1
link5147480 hs11 118561375 118566142 color=vlgrey,thickness=2.89276,z=-1
link5147480 hs12 131974492 131974492 color=vlgrey,thickness=2.89276,z=-1
link5180305 hs14 79733621 79747596 color=vlgrey,thickness=2.90236,z=-1
link5180305 hs1 109838412 109838412 color=vlgrey,thickness=2.90236,z=-1
link5191846 hs3 172088897 172109120 color=vlgrey,thickness=3.36961,z=-1
link5191846 hs12 38785529 38785529 color=vlgrey,thickness=3.36961,z=-1
link5191849 hs14 101764930 101841284 color=vlgrey,thickness=2.81548,z=-1
link5191849 hs12 38785529 38785529 color=vlgrey,thickness=2.81548,z=-1
link5279141 hs7 29486010 29520469 color=vlgrey,thickness=2.96071,z=-1
link5279141 hs12 54904421 54904421 color=vlgrey,thickness=2.96071,z=-1
link5279504 hs8 145553032 145555754 color=vlgrey,thickness=2.9818,z=-1
link5279504 hs12 54904463 54904463 color=vlgrey,thickness=2.9818,z=-1
link5279505 hs16 10529780 10582040 color=vlgrey,thickness=2.89783,z=-1
link5279505 hs12 54904463 54904463 color=vlgrey,thickness=2.89783,z=-1
link5279506 hs19 6086709 6144112 color=vlgrey,thickness=2.89537,z=-1
link5279506 hs12 54904463 54904463 color=vlgrey,thickness=2.89537,z=-1
link5280105 hs8 27646751 27686089 color=vlgrey,thickness=2.84818,z=-1
link5280105 hs12 54904481 54904481 color=vlgrey,thickness=2.84818,z=-1
link5502684 hs20 44771685 44798392 color=vlgrey,thickness=2.96782,z=-1
link5502684 hs1 11646825 11646825 color=vlgrey,thickness=2.96782,z=-1
link5531282 hs2 219991342 219999705 color=vlgrey,thickness=2.95798,z=-1
link5531282 hs14 23633418 23633418 color=vlgrey,thickness=2.95798,z=-1
link5692813 hs2 219354715 219388260 color=vlgrey,thickness=3.28942,z=-1
link5692813 hs15 37660352 37660352 color=vlgrey,thickness=3.28942,z=-1
link5789455 hs8 30762667 30789894 color=vlgrey,thickness=2.92297,z=-1
link5789455 hs15 72805581 72805581 color=vlgrey,thickness=2.92297,z=-1
link5821293 hs11 65390487 65396916 color=vlgrey,thickness=2.86795,z=-1
link5821293 hs15 87239675 87239675 color=vlgrey,thickness=2.86795,z=-1
link5837192 hs17 58863396 58877454 color=vlgrey,thickness=3.18679,z=-1
link5837192 hs15 98091028 98091028 color=vlgrey,thickness=3.18679,z=-1
link5908595 hs3 185386556 185394489 color=dorange,thickness=3.30007,z=0.303023875251131037
link5908595 hs3 182999067 184239066 color=dorange,thickness=3.30007,z=0.303023875251131037
link5908596 hs3 184215699 184300059 color=dorange,thickness=3.16456,z=0.315999696640291225
link5908596 hs3 182999067 184239066 color=dorange,thickness=3.16456,z=0.315999696640291225
link5908598 hs3 184898299 185013107 color=dorange,thickness=3.01837,z=0.331304644559812084
link5908598 hs3 182999067 184239066 color=dorange,thickness=3.01837,z=0.331304644559812084
link5908599 hs3 183993984 184122115 color=dorange,thickness=2.99125,z=0.334308399498537401
link5908599 hs3 182999067 184239066 color=dorange,thickness=2.99125,z=0.334308399498537401
link5908600 hs3 185335503 185345793 color=dorange,thickness=2.87965,z=0.347264424496032504
link5908600 hs3 182999067 184239066 color=dorange,thickness=2.87965,z=0.347264424496032504
link5908601 hs3 185375327 185384573 color=dorange,thickness=2.8453,z=0.351456788387867712
link5908601 hs3 182999067 184239066 color=dorange,thickness=2.8453,z=0.351456788387867712
link5939451 hs3 184215699 184300059 color=dorange,thickness=3.51514,z=0.284483690550020767
link5939451 hs3 184239067 186169066 color=dorange,thickness=3.51514,z=0.284483690550020767
link5939452 hs3 185546670 185562085 color=dorange,thickness=3.49513,z=0.286112390669302715
link5939452 hs3 184239067 186169066 color=dorange,thickness=3.49513,z=0.286112390669302715
link5939453 hs3 184143252 184181020 color=dorange,thickness=2.9506,z=0.338914119162204297
link5939453 hs3 184239067 186169066 color=dorange,thickness=2.9506,z=0.338914119162204297
link5939454 hs3 185355977 185374008 color=dorange,thickness=2.89579,z=0.345328908518918844
link5939454 hs3 184239067 186169066 color=dorange,thickness=2.89579,z=0.345328908518918844
link6002059 hs11 65390487 65396916 color=vlgrey,thickness=2.92675,z=-1
link6002059 hs16 66022208 66022208 color=vlgrey,thickness=2.92675,z=-1
link6186691 hs4 52581617 52599242 color=dorange,thickness=2.86924,z=0.348524347910945059
link6186691 hs4 52381414 54006413 color=dorange,thickness=2.86924,z=0.348524347910945059
link6214455 hs4 54570714 54625545 color=dorange,thickness=3.72331,z=0.268578227437414559
link6214455 hs4 54006414 54526413 color=dorange,thickness=3.72331,z=0.268578227437414559
link6214460 hs4 56414572 56466001 color=dorange,thickness=3.07255,z=0.325462563668614018
link6214460 hs4 54006414 54526413 color=dorange,thickness=3.07255,z=0.325462563668614018
link6235850 hs17 8003189 8007018 color=dblue,thickness=2.8933,z=0.345626101683199115
link6235850 hs17 43373874 43373874 color=dblue,thickness=2.8933,z=0.345626101683199115
link6240522 hs4 54570714 54625545 color=dorange,thickness=3.40108,z=0.294024251120232397
link6240522 hs4 54526414 54531413 color=dorange,thickness=3.40108,z=0.294024251120232397
link6240525 hs4 55218851 55301638 color=dorange,thickness=3.16348,z=0.316107577730853364
link6240525 hs4 54526414 54531413 color=dorange,thickness=3.16348,z=0.316107577730853364
link6245430 hs12 83798761 83830737 color=vlgrey,thickness=2.94193,z=-1
link6245430 hs17 44846839 44846839 color=vlgrey,thickness=2.94193,z=-1
link6245432 hs1 10193350 10364248 color=vlgrey,thickness=2.84644,z=-1
link6245432 hs17 44846839 44846839 color=vlgrey,thickness=2.84644,z=-1
link6263482 hs4 68369188 68432311 color=vlgrey,thickness=2.85448,z=-1
link6263482 hs17 4646593 4646593 color=vlgrey,thickness=2.85448,z=-1
link6264679 hsX 69426603 69557498 color=vlgrey,thickness=2.85658,z=-1
link6264679 hs17 4656972 4656972 color=vlgrey,thickness=2.85658,z=-1
link6265588 hs4 54570714 54625545 color=dorange,thickness=3.58363,z=0.279046664973783566
link6265588 hs4 54531414 54556413 color=dorange,thickness=3.58363,z=0.279046664973783566
link6288573 hs7 35807151 35911442 color=vlgrey,thickness=2.86828,z=-1
link6288573 hs17 54642149 54642149 color=vlgrey,thickness=2.86828,z=-1
link6296545 hs4 54570714 54625545 color=dorange,thickness=3.54559,z=0.28204050665756616
link6296545 hs4 54556414 54741413 color=dorange,thickness=3.54559,z=0.28204050665756616
link6296547 hs4 54790020 54859169 color=dorange,thickness=2.80921,z=0.355971963648143072
link6296547 hs4 54556414 54741413 color=dorange,thickness=2.80921,z=0.355971963648143072
link6296697 hs10 103815136 103817783 color=vlgrey,thickness=3.24958,z=-1
link6296697 hs17 56844634 56844634 color=vlgrey,thickness=3.24958,z=-1
link6296698 hs13 113765295 113916197 color=vlgrey,thickness=2.86876,z=-1
link6296698 hs17 56844634 56844634 color=vlgrey,thickness=2.86876,z=-1
link6326015 hs4 56414572 56466001 color=dorange,thickness=2.86222,z=0.349379153244684196
link6326015 hs4 54741414 55191413 color=dorange,thickness=2.86222,z=0.349379153244684196
link6326016 hs4 54570714 54625545 color=dorange,thickness=2.81521,z=0.355213287818670721
link6326016 hs4 54741414 55191413 color=dorange,thickness=2.81521,z=0.355213287818670721
link6353674 hs4 54570714 54625545 color=dorange,thickness=3.26965,z=0.305843133057055036
link6353674 hs4 55191414 55456413 color=dorange,thickness=3.26965,z=0.305843133057055036
link6353675 hs4 56414572 56466001 color=dorange,thickness=3.0259,z=0.330480187712746621
link6353675 hs4 55191414 55456413 color=dorange,thickness=3.0259,z=0.330480187712746621
link6416606 hs14 75494194 75517845 color=vlgrey,thickness=3.10213,z=-1
link6416606 hs17 9420940 9420940 color=vlgrey,thickness=3.10213,z=-1
link6416610 hsX 47930599 47941143 color=vlgrey,thickness=2.84056,z=-1
link6416610 hs17 9420940 9420940 color=vlgrey,thickness=2.84056,z=-1
link6519433 hs1 3642408 3653797 color=vlgrey,thickness=2.98789,z=-1
link6519433 hs19 11311261 11311261 color=vlgrey,thickness=2.98789,z=-1
